Workbook

Sheet Card
A1: cardId | B1: cardType | C1: rank | D1: nameKey | E1: descKey | F1: baseValue | G1: upgrade_1 | H1: upgrade_2 | I1: upgrade_3 | J1: upgrade_4 | K1: upgrade_5 | L1: isExhaust | M1: conditionCategory | N1: conditionParam | O1: rewardCategory | P1: rewardParam
A2: 0 | B2: Attack | C2: 1 | D2: ="CARDNAME_"&A2 -> CARDNAME_0 | E2: ="CARDDESC_"&A2 -> CARDDESC_0 | F2: 2 | G2: 3 | H2: 4 | I2: 5 | J2: 6 | K2: 7 | L2: FALSE | M2: None | O2: None
A3: 1 | B3: Attack | C3: 2 | D3: ="CARDNAME_"&A3 -> CARDNAME_1 | E3: ="CARDDESC_"&A3 -> CARDDESC_1 | F3: 6 | G3: 7 | H3: 8 | I3: 9 | J3: 10 | K3: 12 | L3: FALSE | M3: SlotIndexRestriction | N3: 0,4 | O3: FlatBonus | P3: 4
A4: 2 | B4: Attack | C4: 3 | D4: ="CARDNAME_"&A4 -> CARDNAME_2 | E4: ="CARDDESC_"&A4 -> CARDDESC_2 | F4: 8 | G4: 9 | H4: 11 | I4: 13 | J4: 15 | K4: 18 | L4: FALSE | M4: NeighborCardType | N4: Attack | O4: Multiplier | P4: 2
A5: 3 | B5: Attack | C5: 4 | D5: ="CARDNAME_"&A5 -> CARDNAME_3 | E5: ="CARDDESC_"&A5 -> CARDDESC_3 | F5: 12 | G5: 14 | H5: 16 | I5: 18 | J5: 20 | K5: 24 | L5: FALSE | M5: PrevSlotOwner | N5: Player | O5: RepeatCast | P5: 3
A6: 4 | B6: Defense | C6: 1 | D6: ="CARDNAME_"&A6 -> CARDNAME_4 | E6: ="CARDDESC_"&A6 -> CARDDESC_4 | F6: 2 | G6: 3 | H6: 4 | I6: 5 | J6: 6 | K6: 7 | L6: FALSE | M6: None | O6: TriggerNeighborSlot | P6: 0
A7: 5 | B7: Defense | C7: 3 | D7: ="CARDNAME_"&A7 -> CARDNAME_5 | E7: ="CARDDESC_"&A7 -> CARDDESC_5 | F7: 3 | G7: 4 | H7: 5 | I7: 6 | J7: 7 | K7: 9 | L7: FALSE | M7: PrevSlotOwner | N7: Enemy | O7: ModifyNextDraw | P7: 1
A8: 6 | B8: Heal | C8: 3 | D8: ="CARDNAME_"&A8 -> CARDNAME_6 | E8: ="CARDDESC_"&A8 -> CARDDESC_6 | F8: 5 | G8: 6 | H8: 7 | I8: 8 | J8: 9 | K8: 11 | L8: FALSE | M8: SlotIndexRestriction | N8: 1 | O8: ApplyBuffDebuff
A9: 7 | B9: Buff | C9: 4 | D9: ="CARDNAME_"&A9 -> CARDNAME_7 | E9: ="CARDDESC_"&A9 -> CARDDESC_7 | F9: 10 | G9: 12 | H9: 14 | I9: 16 | J9: 18 | K9: 21 | L9: FALSE | M9: HandCount | N9: Count>=5 | O9: None | P9: 2
A10: 8 | B10: Debuff | C10: 3 | D10: ="CARDNAME_"&A10 -> CARDNAME_8 | E10: ="CARDDESC_"&A10 -> CARDDESC_8 | F10: 2 | G10: 3 | H10: 4 | I10: 5 | J10: 6 | K10: 8 | L10: FALSE | M10: HandType | N10: Attack>=4 | O10: None
M11: None | O11: None
M12: None | O12: None
M13: None | O13: None
M14: None | O14: None
M15: None | O15: None
M16: None | O16: None
M17: None | O17: None
M18: None | O18: None
M19: None | O19: None
M20: None | O20: None
M21: None | O21: None
M22: None | O22: None
... M39: None | O39: None
M40: None

Sheet Character
A1: characterID | B1: characterName | C1: descriptionText | D1: playStyleText | E1: startDeckID | F1: signatureCardID | G1: maxHp | H1: startingLife
A2: 1001 | B2: ="CHARNAME_"&A2 -> CHARNAME_1001 | C2: ="CHARDES_"&A2 -> CHARDES_1001 | D2: ="CHARPLAYST_"&A2 -> CHARPLAYST_1001 | E2: 0;1;2;4;5;8;10;12 | F2: 1 | G2: 50 | H2: 3

Sheet Reward
A1: 구상중

Sheet Localization
A1: nameKey | B1: KO | C1: EN | D1: JP
A2: ATTACK_KEY | B2: 공격 | C2: Attack
A3: DEFENSE_KEY | B3: 방어 | C3: Defense
A4: HEAL_KEY | B4: 회복 | C4: Heal
A5: BUFF_KEY | B5: 강화 | C5: Buff
A6: DEBUFF_KEY | B6: 약화 | C6: Debuff
A7: SPECIAL_KEY | B7: 특수 | C7: Special
A9: =Character!B2 -> CHARNAME_1001
A10: =Character!C2 -> CHARDES_1001
A11: =Character!D2 -> CHARPLAYST_1001
A13: =Monster!B2 -> MONSTERNAME_2000
A15: =Card!D2 -> CARDNAME_0 | B15: 잽 | C15: Jap
A16: =Card!D3 -> CARDNAME_1 | B16: 스트라이크 | C16: Strike
A17: =Card!D4 -> CARDNAME_2 | B17: 브루트 포스 | C17: Brute Force
A18: =Card!D5 -> CARDNAME_3 | B18: 해비 스매시 | C18: Heavy Smash
A19: =Card!D6 -> CARDNAME_4 | B19: 흘리기 | C19: Evade
A20: =Card!D7 -> CARDNAME_5 | B20: 가드 | C20: Guard
A21: =Card!D8 -> CARDNAME_6 | B21: 카운터 가드 | C21: Counter Guard
A22: =Card!D9 -> CARDNAME_7 | B22: 아이언 월 | C22: Iron Wall
A23: =Card!D10 -> CARDNAME_8 | B23: 응급 처치 | C23: Regeneration
A24: =#REF! -> #REF! | B24: 회복 | C24: Heal
A25: =#REF! -> #REF! | B25: 오버클럭 | C25: Overclock
A26: =#REF! -> #REF! | B26: 파워업 | C26: Power Up
A27: =#REF! -> #REF! | B27: 약화 바이러스 | C27: Weakening Virus
A28: =#REF! -> #REF! | B28: 해킹 | C28: Hacking
A30: =Card!E2 -> CARDDESC_0 | B30: 상대에게 [Value] 피해를 준다. | C30: Deal [Value] damage to the opponent.
A31: =Card!E3 -> CARDDESC_1 | B31: 상대에게 [Value] 피해를 준다. | C31: Deal [Value] damage to the opponent.
A32: =Card!E4 -> CARDDESC_2 | B32: 상대에게 [Value] 피해를 준다. | C32: Deal [Value] damage to the opponent.
A33: =Card!E5 -> CARDDESC_3 | B33: 상대에게 [Value] 피해를 준다. | C33: Deal [Value] damage to the opponent.
A34: =Card!E6 -> CARDDESC_4 | B34: 받는 피해를 [Value] 감소시킨다. | C34: Take [Value] less damage.
A35: =Card!E7 -> CARDDESC_5 | B35: 받는 피해를 [Value] 감소시킨다. | C35: Take [Value] less damage.
A36: =Card!E8 -> CARDDESC_6 | B36: 받는 피해를 [Value] 감소시킨다. | C36: Take [Value] less damage.
A37: =Card!E9 -> CARDDESC_7 | B37: 받는 피해를 [Value] 감소시킨다. | C37: Take [Value] less damage.
A38: =Card!E10 -> CARDDESC_8 | B38: HP를 [Value] 회복한다. | C38: Heal [Value] HP.
A39: =#REF! -> #REF! | B39: HP를 [Value] 회복한다. | C39: Heal [Value] HP.
A40: =#REF! -> #REF! | B40: 다음에 실행되는 같은 슬롯 카드의 효과를 [Value] 증가시킨다. | C40: Increase the next card's effect in this slot by [Value].
A41: =#REF! -> #REF! | B41: 다음에 실행되는 같은 슬롯 카드의 효과를 [Value] 증가시킨다. | C41: Increase the next card's effect in this slot by [Value].
A42: =#REF! -> #REF! | B42: 다음에 실행되는 반대 슬롯 카드의 효과를 [Value] 감소시킨다. | C42: Reduce the opponent's next card effect in the opposite slot by [Value].
A43: =#REF! -> #REF! | B43: 다음에 실행되는 반대 슬롯 카드의 효과를 [Value] 감소시킨다. | C43: Reduce the opponent's next card effect in the opposite slot by [Value].

Sheet Monster
A1: monsterID | B1: monsterName | C1: maxHp | D1: slotCreateType | E1: monsterDeckID | F1: rewardCardRank | G1: gimmickType | H1: gimmickValue
A2: 2000 | B2: ="MONSTERNAME_"&A2 -> MONSTERNAME_2000 | C2: 80 | D2: 0 | E2: -1 | F2: 1 | G2: None | H2: 0

Sheet 전투 데이터
A1: 72페이지

Sheet UI 데이터
A1: 93페이지

Sheet 슬롯 데이터
A1: slotCreateType | B1: M0 | C1: M1 | D1: M2 | E1: M3 | F1: M4 | G1: M5
A2: 0 | B2: 40 | C2: 35 | D2: 18 | E2: 7 | F2: 0 | G2: 0
A3: 1 | B3: 15 | C3: 45 | D3: 25 | E3: 12 | F3: 3 | G3: 0
A4: 2 | B4: 5 | C4: 25 | D4: 40 | E4: 20 | F4: 8 | G4: 2
A5: 3 | B5: 2 | C5: 10 | D5: 28 | E5: 38 | F5: 18 | G5: 4
A6: 4 | B6: 0 | C6: 5 | D6: 15 | E6: 25 | F6: 40 | G6: 15
A7: 5 | B7: 0 | C7: 0 | D7: 8 | E7: 22 | F7: 35 | G7: 35

Sheet 스테이지 데이터
A1: 45페이지
